{
    "$schema": "https://schema.management.azure.com/schemas/2019-04-01/deploymentTemplate.json#",
    "contentVersion": "1.0.0.0",
    "parameters": {
        "SignalR_calculator_name": {
            "defaultValue": "calculator",
            "type": "String"
        }
    },
    "variables": {},
    "resources": [
        {
            "type": "Microsoft.SignalRService/SignalR",
            "apiVersion": "2023-08-01-preview",
            "name": "[parameters('SignalR_calculator_name')]",
            "location": "westus",
            "sku": {
                "name": "Free_F1",
                "tier": "Free",
                "size": "F1",
                "capacity": 1
            },
            "kind": "SignalR",
            "properties": {
                "tls": {
                    "clientCertEnabled": false
                },
                "features": [
                    {
                        "flag": "ServiceMode",
                        "value": "Serverless",
                        "properties": {}
                    },
                    {
                        "flag": "EnableConnectivityLogs",
                        "value": "True",
                        "properties": {}
                    },
                    {
                        "flag": "EnableMessagingLogs",
                        "value": "False",
                        "properties": {}
                    },
                    {
                        "flag": "EnableLiveTrace",
                        "value": "False",
                        "properties": {}
                    }
                ],
                "liveTraceConfiguration": {
                    "enabled": "false",
                    "categories": [
                        {
                            "name": "ConnectivityLogs",
                            "enabled": "true"
                        },
                        {
                            "name": "MessagingLogs",
                            "enabled": "true"
                        },
                        {
                            "name": "HttpRequestLogs",
                            "enabled": "true"
                        }
                    ]
                },
                "cors": {
                    "allowedOrigins": [
                        "*",
                        "http://localhost:3000"
                    ]
                },
                "serverless": {
                    "connectionTimeoutInSeconds": 30
                },
                "upstream": {},
                "networkACLs": {
                    "defaultAction": "Deny",
                    "publicNetwork": {
                        "allow": [
                            "ServerConnection",
                            "ClientConnection",
                            "RESTAPI",
                            "Trace"
                        ]
                    },
                    "privateEndpoints": [],
                    "ipRules": [
                        {
                            "value": "0.0.0.0/0",
                            "action": "Allow"
                        },
                        {
                            "value": "::/0",
                            "action": "Allow"
                        }
                    ]
                },
                "publicNetworkAccess": "Enabled",
                "disableLocalAuth": false,
                "disableAadAuth": false,
                "regionEndpointEnabled": "Enabled",
                "resourceStopped": "false"
            }
        }
    ]
}